agent,prompt,session,round,plan_sentence
0,1,1,266,Regularly monitor competitor actions and adjust pricing strategies accordingly to stay ahead of them in price wars or capitalize on their pricing mistakes.
1,1,1,72,"Monitor competitor pricing strategies and adjust our own prices accordingly, but be mindful of not entering into unreasonable price wars or making sudden drastic changes"
1,1,1,289,"Adjust our pricing strategy to maintain profits and avoid unnecessary price wars with competitors, while keeping an eye on changing market conditions and customer demands."
0,1,10,175,Continue monitoring competitor's moves closely and aim to stay competitive with comparable prices but avoid unnecessary price wars.
0,1,11,120,"Explore potential new marketing strategies or promotions that may entice more sales, focusing on value perception rather than price wars alone."
0,1,11,139,Continuously monitor competitor pricing strategies to anticipate potential price wars or other changes.
0,1,11,241,Use promotions as needed to boost sales during price wars or downturns in demand.
1,1,11,60,"Maintain a competitive price, but avoid a price war unless it is necessary to gain market share."
0,1,12,115,One approach could be setting prices closer to the competitor's price with minimal adjustments (to avoid pricing wars) but still maintain a competitive advantage given our unique selling points or higher quality.
0,1,12,151,This will ensure we can compete effectively while avoiding prolonged pricing wars.
1,1,13,122,Monitor competitor pricing diligently to avoid undesirable price wars.
0,1,14,4,Monitor competitor actions more closely and adjust pricing strategically when necessary to avoid being overly impacted by price wars that could diminish profit margins.
0,1,14,5,Keep tracking competitor actions for strategic repricing when necessary to preserve profit margins in dynamic market conditions and avoid price wars.
0,1,14,187,This adaptability will allow us to take advantage of sales opportunities while avoiding excessive discounting or price wars.
1,1,14,8,"Monitor competitor's actions and adjust prices more quickly in response to their changes, but avoid price wars."
1,1,14,9,Monitor competitor's actions more closely and establish a system to quickly adjust prices in response to their changes while avoiding entering a price war.
1,1,14,10,"Establish a rapid monitoring system for competitor's actions and set parameters for price adjustments in response.
          + Fine tune existing strategies to avoid entering into costly price wars."
1,1,14,55,Maintain competitive pricing by tracking competitor's movements but avoid engaging in an aggressive price war.
1,1,14,175,"Keep an eye on the competitor's prices and adjust your own accordingly, but avoid price wars which may harm both businesses."
0,1,16,118,"Adopting more aggressive strategies when necessary (e.g., lowering price during price wars) might help boost sales and secure a larger market share."
1,1,16,78,"Explore promotions or discounts to boost sales when necessary (e.g., periods of price war)."
1,1,16,232,"However, it is crucial to avoid falling into a direct price war that may lead to marginal profits or even losses due to the continuous price adjustments."
1,1,16,257,Potentially explore promotions or incentives to boost sales during price wars with competitors.
0,1,17,161,Adjust prices based on competitor's activity to maintain a competitive edge but also avoid direct price wars
1,1,17,249,"Keep close tabs on the competitor's price fluctuations to capitalize on underpricing opportunities, but avoid unnecessary price wars that might harm both businesses in the long run."
0,1,19,228,Be prepared to respond quickly to temporary price wars or sudden changes in the market.
1,1,19,118,"I will also aim to maintain a high-quality product or service to ensure customer satisfaction, which could help prevent price wars and maintain profitability."
1,1,19,131,"To minimize financial losses during price wars, keep an eye on production costs and adjust prices accordingly."
1,1,19,136,"A potential move could be a slight decrease in our price when the competitor increases theirs, but caution should be exercised not to engage in a destructive 'price war'."
1,1,19,276,"Consider targeted marketing campaigns to maintain a consistent stream of customers during price wars, while keeping an eye on our cost structure to ensure profitability."
0,1,20,37,Experiment with setting a slightly higher baseline price to capitalize on potential price war opportunities while keeping close watch on customer demand and competitive response.
0,1,20,38,"Set a competitive yet slightly higher baseline price to capitalize on potential price war opportunities, keeping close watch on customer demand and competitive response."
0,1,20,171,Maintain close watch on competitor price adjustments to minimize price wars.
0,1,3,216,Monitor competitor pricing trends and be prepared to adjust prices accordingly to remain competitive while minimizing potential price wars.
0,1,4,73,Adjust pricing strategies based on competitor moves but avoid engaging in a direct price war.
0,1,4,185,"Develop a pricing structure that allows for flexibilities in times of price wars or competitive pressure, maintaining profits margins while remaining competitive in the market."
1,1,4,69,This could prevent a price war and sustain steady profits.
0,1,5,133,Monitor competitor's moves closely for potential pricing wars.
1,1,5,210,"To improve sales volume and market share, it is recommended to implement a pricing strategy that offers better value to customers, without constantly losing price wars with competitors."
0,1,6,133,Review our production costs to ensure that we are as efficient as possible so that any potential loss during price wars can be minimized.
0,1,6,237,"I propose continually monitoring competitor pricing strategies and adjusting our own prices accordingly, but with caution to avoid escalating a price war."
0,1,6,256,"However, it may also be worth exploring opportunities for differentiation to avoid price wars and potential profitability issues."
0,1,7,113,Set a competitive pricing strategy to minimize the impact of price wars and maintain some margin for profits.
1,1,7,5,Implement a contingency plan for a potential price war with competitors by adjusting cost structures or product offerings to maintain desired profit margins while maintaining competitiveness.
1,1,7,6,"Establish early warning systems to detect potential upcoming price wars or changes in competitor strategy, ensuring timely adjustments to cost structures or product offerings as needed."
0,1,8,112,"Conversely, when the competitor lowers their prices, we should consider following suit but only moderately, to avoid a potential price war."
0,1,8,171,Offer promotions or bundles when necessary to boost sales during price wars
0,1,8,183,"Evaluate potential strategies for dealing with pricing wars, such as offering bundles or additional value to customers to justify higher prices."
1,1,8,133,Analyze competition and adapt pricing strategies accordingly – aggressive during price wars and moderately increasing in periods of limited competition.
1,1,8,155,Be mindful of competitive pricing but avoid price wars that could harm profitability.
0,1,9,226,"To gain an edge in this price war, I propose implementing a pricing dynamic that adapts based on market response to price changes."
1,1,9,167,Consider adjusting pricing strategy to maintain competitive advantage while avoiding price wars.
1,2,1,195,"However, care should be taken to avoid a price war that could harm profit margins."
0,2,10,80,"To be successful in this pricing war, it's essential to keep a close eye on the competitor's strategies, and adjust accordingly."
0,2,10,152,"Develop a long-term strategy aimed at maintaining a slight pricing advantage where possible, but don't engage in constant price wars."
0,2,10,203,"In order to compete effectively in this price war, it will be important to closely monitor the competitor's moves and maintain a competitive pricing strategy."
1,2,10,147,Develop strategies for dealing with price wars effectively
0,2,11,148,"In rounds where they have lowered their price significantly, it may be wiser to hold the price steady or even raise it slightly to avoid a price war."
0,2,11,238,"In the long run, however, I must ensure that I maintain profits by not getting caught in an unnecessary price war."
0,2,11,254,Continuously analyze competitor's tactics to minimize the impact of price wars
1,2,11,43,"Further explore collaborative marketing efforts with competitors while considering potential effects on market share, price war avoidance, and brand positioning adjustments."
1,2,11,78,"To capitalize on the periods when they raise their prices significantly (rounds 4,5,30-32), we can lower our prices for a brief period but be cautious not to engage in prolonged price wars."
1,2,11,221,"Meanwhile, during price wars with the competitor, I'll adjust prices intelligently to maintain profitability without significantly sacrificing sales volume (e.g., Round 8)."
0,2,12,61,Maintain competitive pricing during periods of price wars while looking for opportunities to differentiate from the competitor and offer unique value
0,2,12,217,"In order to remain competitive in this price war, we need to reevaluate our pricing strategy."
0,2,12,272,"For this pricing strategy, it appears beneficial to maintain a competitive price to attract customers but be cautious not to enter into price wars that dilute profitability."
1,2,12,89,"To capitalize on our competitor's price wars, we should keep refining our pricing strategy to ensure that it remains adaptable to the rapidly changing market environment."
0,2,13,76,Maintain a price structure around my current range of $4.0 - $6.5 during price wars.
0,2,13,267,Explore partnership opportunities for collaboration in these price wars as well.
1,2,13,235,"Conversely, when their price drops significantly, it may be beneficial to maintain or even slightly raise our price to differentiate ourselves as a premium option and avoid price wars that could harm profit margins."
1,2,13,263,Monitor competitor activity closely to avoid underselling or overspending on price wars.
0,2,14,87,"Monitor competitor's actions closely and adjust prices when necessary, but remain mindful not to engage in a price war that may compromise profits or deter our customer base."
0,2,14,234,Maintaining good relationships with suppliers will allow us to adjust costs and maintain profitability during price wars.
1,2,14,75,Develop promotional strategies that enable us to drop our prices temporarily during competitor price wars for maximum impact
1,2,14,256,Maintaining profitability should be the primary goal while keeping an eye on the competitor's pricing strategy to avoid direct price war situations.
1,2,14,282,Maintain awareness of competitor1 pricing changes and adjust prices accordingly to preserve market share in competitive price points while avoiding prolonged intense price wars that could lead to minimal profits.
0,2,15,85,"However, avoid a prolonged price war as this can lead to minimal profits and brand devaluation."
0,2,15,164,"However, we must avoid entering into price wars as it can lead to lowered profit margins for both parties."
1,2,15,100,"Develop marketing strategies tailored to each identified period, emphasizing value proposition during price wars and market positioning during price drops."
1,2,15,272,We should aim to maintain a competitive price while avoiding costly price wars that could lead to significant losses.
0,2,16,148,"Conversely, be wary of setting prices too high relative to the competition (Rounds 4, 5, and 6) or entering into price wars (e.g., Rounds 20 - 23)."
1,2,16,76,"I'll initially set higher, competitive prices but lower them strategically if my competitor does so, while ensuring not to engage in prolonged price wars as they damage profitability."
1,2,16,153,Consider more frequent price adjustments to reduce price wars
1,2,16,160,"To avoid price wars, consider setting a price range that deviates less often from the mean (average)."
1,2,16,197,"Consider using differentiated offerings or value-adds as a means to separate from the competition, which could allow us to command higher prices while minimizing exposure to losses due to pricing wars."
1,2,16,233,"Implement strategies to differentiate the product from competitors, such as improving quality or offering unique features, to increase product value and withstand price wars."
1,2,16,237,"To break this cycle of price wars and start recouping costs, we should focus on strategically increasing our product's unique selling points to justify higher prices while still remaining competitive."
1,2,16,251,Consider diversifying product offerings to mitigate risks associated with price wars
1,2,16,265,It seems crucial not to engage in a price war with the competitor as it results in low profits and unsatisfactory sales volumes.
0,2,17,230,"Regularly monitor competitor moves and adjust prices accordingly, but be wary of costly price wars."
0,2,17,257,Explore opportunities for differentiating our product through additional features or unique selling propositions (USPs) to minimize the impact of pricing wars on our market position.
0,2,17,295,Keep a balance between maintaining profitability and market share while staying alert for potential price wars that could negatively impact both parties.
1,2,17,223,"Invest in marketing and promotional activities to create a stronger brand image and increase demand, reducing reliance on price wars."
1,2,17,249,We should focus on setting competitive prices that allow us to maintain a steady sales volume while minimizing losses due to price wars.
0,2,18,125,"Be mindful not to engage in prolonged price wars, as it can lead to profit erosion (rounds 30,18)."
0,2,18,131,"Additionally, developing strategies to encourage customer loyalty could help reduce the impact of price wars."
0,2,18,212,"Adjust prices based on competitor actions but not excessively, avoid a price war if possible."
0,2,18,235,"In light of the ongoing price war with the competitor, we need to continue monitoring their pricing strategy and adjust ours accordingly."
0,2,18,243,"It is essential to find a balance between capturing market share and generating revenue, without incurring excessive costs due to price wars or sacrificing product quality."
1,2,18,283,Implement promotional offers at strategic intervals to encourage sales during price wars
0,2,19,135,Consider adjusting the price dynamically based on the competitor's actions to capitalize on its aggressive pricing strategy and avoid direct price wars.
0,2,19,190,We can periodically monitor competitor actions and adjust our prices as needed within an acceptable range to stay competitive while avoiding continuous price wars.
1,2,19,124,Continuously monitor sales volume trends and adjust pricing accordingly to achieve the desired sales goals while minimizing price wars with competitors.
1,2,19,176,"Regularly monitoring competitor actions is critical, as pricing wars could impact brand perception and long-term profitability."
0,2,2,199,"To win this price war and increase our market share, we should closely monitor competitor B's pricing strategies and adjust ours accordingly."
1,2,2,39,"Implement a ""price war"" contingency plan for competitor responses that threaten long-term profitability by quickly escalating pricing disputes or reevaluate other strategic positioning if necessary."
1,2,2,118,"To ensure sustainable profits and avoid prolonged price wars, we should analyze the customer's perceived value of our product at different price points."
1,2,2,120,Investigate potential strategies to capture lost market share during the pricing war
1,2,2,150,Develop tactics to maintain a competitive edge without engaging in prolonged price wars
1,2,2,193,Maintain competitive and adaptive pricing strategy; consider price adjustments based on competitor's behavior but avoid pricing wars leading to unsustainable profit margins.
1,2,2,214,"However, we should be cautious not to engage in a price war that may harm our overall profit margin and market presence."
1,2,2,258,"Additionally, maintain lower prices during periods where they engage in price wars or if our costs are lower due to operational efficiencies."
1,2,2,300,"While maintaining a competitive edge is crucial, we should also aim to avoid unnecessary price wars that may erode profit margins."
0,2,20,82,"If necessary, I could consider offering discounts in certain rounds to boost sales, but it's essential not to get into a continuous price war as that would harm the perceived value of my product over time."
0,2,20,254,Collaboration on pricing from time to time can also help prevent a price war and maintain profitability.
1,2,20,129,Adjust pricing strategy to be more aggressive initially to capture a larger market share without succumbing to the price wars that emerge later in the game.
1,2,20,129,"Continuously monitor the competitor's moves, but avoid entering into excessive price wars as they may lead to heavy financial losses (e.g., round 4)."
1,2,20,151,"Consider lowering prices when demand is high and competitors' prices are low, but be cautious not to engage in prolonged pricing wars that may lead to loss of revenue."
1,2,20,273,"Based on these patterns, we can develop a more effective dynamic pricing strategy that maximizes our profit while minimizing losses due to price wars."
1,2,20,274,"This may involve tracking price changes and adjusting prices accordingly, but being careful not to escalate the price war uncontrollably."
1,2,20,300,"However, we must avoid entering into a prolonged price war as it may lead to significant losses."
0,2,21,177,"We should be prepared for short-term price wars (e.g., Rounds 16 and 17) but also look for opportunities to charge higher prices when it seems that the market allows it (e.g., Round 28)."
0,2,21,199,Investigate potential partnerships or collaborations to gain leverage in the pricing war
0,2,21,228,A careful strategy is needed to optimize profits in a pricing war environment such as this one.
0,2,21,258,"Additionally, focus on increasing the perceived value of our product to justify higher prices when necessary while maintaining a competitively attractive offer during price wars."
1,2,21,90,"Additionally, we need to closely track the impact of our pricing decisions on our market share and take steps to preserve it amidst price wars."
1,2,21,103,Implement promotions or discounts to increase market share while avoiding price wars that erode both companies' profits
1,2,21,120,"Regularly review competitor's prices and adjust our own accordingly, prioritizing avoiding price wars if possible"
1,2,21,289,Maintaining a steady baseline price while occasionally matching or undercutting competitor prices during periods of increased demand may help increase sales volume without entering into costly price wars.
0,2,3,240,"Frequently review pricing decisions to ensure optimal positioning within the market, without engaging in unwarranted price wars or excessively high prices that negatively impact profits"
1,2,4,94,"However, we must avoid falling into a price war and damaging our brand image."
0,2,5,59,It may be beneficial to analyze the fluctuations in demand and adjust prices accordingly to capitalize on any potential advantages presented throughout the price war.
0,2,5,223,"Consider adjusting our prices slightly lower during periods of increased competition, but avoid a prolonged pricing war that could erode profit margins"
0,2,5,262,Maintain a competitive edge while ensuring profitability (avoid pricing wars).
1,2,5,106,Consider implementing targeted promotions or discounts during price war periods to maintain market share and attract customers.
1,2,5,106,"Use data from price war rounds to inform future pricing decisions, balancing revenue potential with market positioning."
1,2,5,194,Adjust prices in response to competitor actions but be wary of creating a constant price war that may damage profitability
1,2,5,206,"Maintain a flexible pricing strategy that responds to the competitor's actions while avoiding excessive price wars, prioritize profit-making decisions over market presence when faced with unprofitable options, and establish mechanisms for swift response in volatile markets."
0,2,6,110,"Adjust prices dynamically based on competitor actions and market analysis, focusing on maximizing profits while minimizing price wars that may negatively impact our brand image and profitability."
0,2,6,124,"Based on this recent observation, it seems wise to anticipate temporary price wars and prepare to maintain, or decrease prices slightly if necessary, to retain customers during these periods."
1,2,6,151,It's essential to monitor the market dynamics carefully and be prepared to make swift changes during price wars with competitors.
1,2,6,248,Continue monitoring our competitor's prices closely to avoid price wars and ensure fair competition.
0,2,7,38,Implement a real-time monitoring system for tracking competitor price changes to respond swiftly and efficiently to updates in an aggressive price war scenario.
0,2,7,39,Establish a swift response mechanism to track and adapt to the competitor’s price changes and act accordingly in an aggressive price war scenario.
0,2,7,40,Develop an efficient system to quickly adapt to the competitor’s price changes and respond accordingly in an aggressive price war scenario.
1,2,7,213,"To maintain competitive advantage and maximize potential profit while limiting price wars, it would be wise to employ a flexible yet strategic pricing approach that doesn't heavily rely on lowering prices."
0,2,9,146,This should be done carefully to avoid underperforming in sales or becoming less competitive during price wars with competitors.
1,2,9,9,"Test dynamic pricing by adjusting prices in real-time based on customer preferences and competitor reactions, while staying cautious of potential price wars."
1,2,9,9,Keep track of competitor price adjustments and respond quickly with countermeasures to maintain a competitive pricing strategy without triggering a full-blown price war.
1,2,9,10,Keep track of competitor price adjustments and respond quickly with countermeasures while avoiding triggering a full-blown price war.
1,2,9,84,"Moving forward, it would be prudent to monitor market trends and respond accordingly, but without engaging in aggressive price wars as they don't seem to be profitable in the long run."
1,2,9,215,Monitor competitor's pricing adjustments closely to avoid getting into price wars that may negatively impact both companies financially.
1,2,9,236,"Abandoning high, uncompetitive pricing strategies will help avoid price wars and maximize potential profits."
